"1","103027","Turkey and Herb Burgers With Yogurt Lemon Dressing","http://www.food.com/recipe/turkey-and-herb-burgers-with-yogurt-lemon-dressing-425024","0","0","0"
"2","110542","All-In-One Broccoli Macaroni and Cheese","http://www.food.com/recipe/all-in-one-broccoli-macaroni-and-cheese-174645","0","0","0"
"3","8991","Cremini Mushroom Pasta With Wilted Arugula And Goat Cheese","http://www.self.com/fooddiet/recipes/2004/09/cremini-mushroom-pasta-with-wilted-arugula-and-goat-cheese","0","0","0"
"4","8554","Caramelized Onion Pizzettes With Smoked Mozzarella And Arugula","http://www.biggirlssmallkitchen.com/2009/12/big-girls-test-kitchen-perfect-holiday.html","1","0","100"
"5","32762","French Green Beans With Prosciutto And Pine Nuts","http://andreasrecipes.com/2010/06/03/french-green-beans-with-prosciutto-and-pine-nuts/","0","0","0"
"6","304701","Crostini with Sweet Ricotta, Honey and Toasted Hazelnuts","http://www.foodnetwork.com/recipes/bobby-flay/crostini-with-sweet-ricotta-honey-and-toasted-hazelnuts-recipe.html","0","0","0"
"7","415828","Nutty Seasoned Popcorn","http://www.tasteofhome.com/recipes/nutty-seasoned-popcorn","0","0","0"
"8","763165","One Pan Chinese Orange Chicken","http://www.jessicagavin.com/one-pan-chinese-orange-chicken/","0","0","0"
"9","514094","Chinese Green Beans with Ground Turkey over Rice","http://wearychef.com/recipes/asian-greenbean-turkey-ricebowl/","1","0","100"
"10","116717","Gnocchi With Creamy-Mushroom and Leek Sauce","http://www.food.com/recipe/gnocchi-with-creamy-mushroom-and-leek-sauce-462172","0","0","0"
"11","115306","Gnocchi With Asparagus & Olives in a Creamy Pesto Sauce","http://www.food.com/recipe/gnocchi-with-asparagus-olives-in-a-creamy-pesto-sauce-432825","0","0","0"
"12","129261","Couscous With Curry, Cranberries and Toasted Pine Nuts","http://www.food.com/recipe/couscous-with-curry-cranberries-and-toasted-pine-nuts-148155","0","1","0"
"13","867074","Chili Lime Chicken Salad (Paleo, GF, Dairy-Free + Refined Sugar-Free)","http://realsimplegood.com/chili-lime-chicken-salad/","0","0","0"
"14","917856","Hamburger Beef Stroganoff Low Carb and Gluten Free","https://lowcarbyum.com/hamburger-beef-stroganoff/","0","0","0"
"15","1044265","Instant Pot Pad Thai Stir Fry","https://www.hummusapien.com/instant-pot-pad-thai-stir-fry/","0","0","0"
"16","835420","Clean Eating Macaroni & Cheese Dry Mix (Dairy Free)","http://www.thegraciouspantry.com/clean-eating-macaroni-cheese-dry-mix-recipe/","0","0","0"
"17","938108","Sweet potato and lentil curry","http://hedihearts.com/sweet-potato-and-lentil-curry-recipe/","0","0","0"
